iso2,size,color,timestamp
AA,14,yellow,2000
AC,45,green,2000
AE,79,orange,2000
AF,24,orange,2000
AG,19,blue,2000
AJ,69,grey,2000
AL,47,green,2000
AM,87,green,2000
AN,77,yellow,2000
AO,91,blue,2000
AQ,95,grey,2000
AR,88,green,2000
AS,59,yellow,2000
AU,54,grey,2000
AV,69,grey,2000
AY,83,grey,2000
BA,61,grey,2000
BB,50,green,2000
BC,77,grey,2000
BD,75,green,2000
BE,49,orange,2000
BF,55,yellow,2000
BG,72,grey,2000
BH,54,orange,2000
BK,37,green,2000
BL,59,green,2000
BM,32,yellow,2000
BN,92,orange,2000
BO,69,blue,2000
BP,46,yellow,2000
BR,38,yellow,2000
BT,80,green,2000
BU,33,orange,2000
BV,97,grey,2000
BX,51,grey,2000
BY,6,green,2000
CA,76,blue,2000
CB,100,grey,2000
CD,94,grey,2000
CE,36,green,2000
CF,69,blue,2000
CG,68,orange,2000
CH,11,yellow,2000
CI,43,grey,2000
CJ,97,yellow,2000
CK,18,blue,2000
CM,76,grey,2000
CN,1,grey,2000
CO,24,orange,2000
CQ,48,grey,2000
CS,6,orange,2000
CT,48,orange,2000
CU,97,orange,2000
CV,77,orange,2000
CW,31,yellow,2000
CY,20,grey,2000
DA,69,grey,2000
DJ,16,green,2000
DO,93,yellow,2000
DQ,36,blue,2000
DR,68,yellow,2000
EC,32,blue,2000
EG,89,orange,2000
EI,17,grey,2000
EK,5,yellow,2000
EN,69,green,2000
ER,80,green,2000
ES,54,orange,2000
ET,43,green,2000
EZ,62,blue,2000
FG,44,orange,2000
FI,92,orange,2000
FJ,82,grey,2000
FK,43,green,2000
FM,87,blue,2000
FO,39,orange,2000
FP,91,orange,2000
FR,90,green,2000
FS,94,orange,2000
GA,29,yellow,2000
GB,76,blue,2000
GG,14,orange,2000
GH,80,blue,2000
GI,85,blue,2000
GJ,81,orange,2000
GK,74,grey,2000
GL,82,orange,2000
GM,38,yellow,2000
GP,46,blue,2000
GQ,19,yellow,2000
GR,34,blue,2000
GT,66,grey,2000
GV,29,blue,2000
GY,100,blue,2000
GZ,37,yellow,2000
HA,33,green,2000
HM,79,yellow,2000
HO,6,blue,2000
HQ,43,grey,2000
HR,79,yellow,2000
HU,36,yellow,2000
IC,75,blue,2000
ID,93,orange,2000
IM,82,green,2000
IO,34,grey,2000
IR,95,yellow,2000
IS,80,orange,2000
IT,38,blue,2000
IV,69,blue,2000
IZ,51,orange,2000
JA,82,green,2000
JE,66,grey,2000
JM,64,blue,2000
JN,21,yellow,2000
JO,10,grey,2000
JU,49,green,2000
KE,49,green,2000
KG,1,orange,2000
KN,61,grey,2000
KR,64,blue,2000
KS,10,orange,2000
KT,72,yellow,2000
KU,14,grey,2000
KZ,13,green,2000
LA,57,yellow,2000
LE,71,green,2000
LG,33,orange,2000
LH,95,green,2000
LI,65,orange,2000
LO,18,orange,2000
LS,3,blue,2000
LT,28,yellow,2000
LU,12,yellow,2000
LY,60,green,2000
MA,82,green,2000
MB,23,yellow,2000
MD,50,blue,2000
MF,41,grey,2000
MG,4,green,2000
MH,63,green,2000
MI,21,yellow,2000
MK,20,blue,2000
ML,13,green,2000
MN,65,green,2000
MO,65,yellow,2000
MP,38,orange,2000
MQ,76,blue,2000
MR,37,blue,2000
MT,16,blue,2000
MU,65,yellow,2000
MV,83,grey,2000
MW,82,yellow,2000
MX,76,yellow,2000
MY,97,yellow,2000
MZ,27,yellow,2000
NC,84,blue,2000
NE,73,blue,2000
NF,6,orange,2000
NG,22,orange,2000
NH,99,grey,2000
NI,81,orange,2000
NL,37,orange,2000
NO,18,orange,2000
NP,55,blue,2000
NR,85,blue,2000
NS,19,orange,2000
NT,72,grey,2000
NU,19,orange,2000
NZ,93,blue,2000
PA,25,yellow,2000
PC,43,orange,2000
PE,60,green,2000
PG,91,yellow,2000
PK,13,blue,2000
PL,36,blue,2000
PM,44,yellow,2000
PO,30,blue,2000
PP,78,blue,2000
PS,10,yellow,2000
PU,25,orange,2000
QA,15,yellow,2000
RE,1,grey,2000
RM,61,grey,2000
RO,2,orange,2000
RP,100,grey,2000
RQ,6,orange,2000
RS,18,green,2000
RW,52,orange,2000
SA,83,blue,2000
SB,29,grey,2000
SC,87,grey,2000
SE,60,green,2000
SF,27,green,2000
SG,56,blue,2000
SH,77,yellow,2000
SI,73,green,2000
SL,24,blue,2000
SM,94,green,2000
SN,84,yellow,2000
SO,10,green,2000
SP,70,blue,2000
SR,71,orange,2000
ST,48,yellow,2000
SU,70,yellow,2000
SV,55,yellow,2000
SW,95,blue,2000
SX,52,orange,2000
SY,83,yellow,2000
SZ,10,blue,2000
TD,98,grey,2000
TH,33,orange,2000
TI,65,green,2000
TK,48,orange,2000
TL,83,grey,2000
TM,47,green,2000
TN,42,green,2000
TO,45,grey,2000
TP,64,yellow,2000
TS,65,blue,2000
TU,48,grey,2000
TV,28,orange,2000
TW,20,grey,2000
TX,53,orange,2000
TZ,92,green,2000
UG,1,blue,2000
UK,17,green,2000
UP,46,blue,2000
US,36,grey,2000
UV,23,green,2000
UY,74,green,2000
UZ,45,orange,2000
VC,58,blue,2000
VE,93,yellow,2000
VI,59,blue,2000
VM,71,yellow,2000
VQ,55,grey,2000
VT,54,orange,2000
WA,15,yellow,2000
WE,28,blue,2000
WF,19,blue,2000
WI,15,blue,2000
WQ,17,grey,2000
WS,68,orange,2000
WZ,41,orange,2000
YM,58,blue,2000
ZA,25,blue,2000
ZI,88,yellow,2000
IN,64,yellow,2000
AA,94,green,2001
AC,31,yellow,2001
AE,88,grey,2001
AF,29,grey,2001
AG,29,blue,2001
AJ,41,blue,2001
AL,36,blue,2001
AM,33,grey,2001
AN,6,green,2001
AO,23,green,2001
AQ,80,orange,2001
AR,45,yellow,2001
AS,81,green,2001
AU,77,grey,2001
AV,16,orange,2001
AY,14,green,2001
BA,1,blue,2001
BB,84,grey,2001
BC,88,green,2001
BD,83,green,2001
BE,32,green,2001
BF,98,green,2001
BG,14,green,2001
BH,84,blue,2001
BK,82,yellow,2001
BL,6,grey,2001
BM,17,orange,2001
BN,56,orange,2001
BO,43,yellow,2001
BP,38,orange,2001
BR,99,green,2001
BT,86,green,2001
BU,96,orange,2001
BV,6,yellow,2001
BX,51,blue,2001
BY,28,yellow,2001
CA,30,grey,2001
CB,22,green,2001
CD,6,green,2001
CE,76,grey,2001
CF,17,grey,2001
CG,88,yellow,2001
CH,96,yellow,2001
CI,52,blue,2001
CJ,88,yellow,2001
CK,47,grey,2001
CM,76,grey,2001
CN,61,blue,2001
CO,30,green,2001
CQ,34,grey,2001
CS,93,yellow,2001
CT,40,orange,2001
CU,7,yellow,2001
CV,52,yellow,2001
CW,55,grey,2001
CY,1,yellow,2001
DA,74,grey,2001
DJ,97,grey,2001
DO,47,blue,2001
DQ,46,orange,2001
DR,83,blue,2001
EC,11,yellow,2001
EG,31,green,2001
EI,45,yellow,2001
EK,1,orange,2001
EN,14,grey,2001
ER,41,orange,2001
ES,87,blue,2001
ET,88,grey,2001
EZ,84,yellow,2001
FG,3,green,2001
FI,11,grey,2001
FJ,94,yellow,2001
FK,51,blue,2001
FM,59,grey,2001
FO,88,grey,2001
FP,73,blue,2001
FR,98,green,2001
FS,37,green,2001
GA,99,blue,2001
GB,94,blue,2001
GG,46,blue,2001
GH,82,yellow,2001
GI,70,yellow,2001
GJ,66,orange,2001
GK,35,yellow,2001
GL,90,orange,2001
GM,28,grey,2001
GP,61,green,2001
GQ,85,green,2001
GR,98,yellow,2001
GT,43,blue,2001
GV,96,grey,2001
GY,74,green,2001
GZ,67,orange,2001
HA,28,orange,2001
HM,60,orange,2001
HO,60,green,2001
HQ,2,blue,2001
HR,80,green,2001
HU,38,blue,2001
IC,96,blue,2001
ID,90,green,2001
IM,16,grey,2001
IO,36,grey,2001
IR,40,green,2001
IS,19,blue,2001
IT,84,yellow,2001
IV,34,green,2001
IZ,19,orange,2001
JA,19,orange,2001
JE,50,yellow,2001
JM,95,green,2001
JN,93,yellow,2001
JO,93,blue,2001
JU,78,grey,2001
KE,43,yellow,2001
KG,30,blue,2001
KN,68,green,2001
KR,24,grey,2001
KS,34,yellow,2001
KT,17,blue,2001
KU,46,grey,2001
KZ,12,yellow,2001
LA,78,grey,2001
LE,78,orange,2001
LG,24,yellow,2001
LH,64,yellow,2001
LI,6,green,2001
LO,72,grey,2001
LS,21,green,2001
LT,26,green,2001
LU,86,green,2001
LY,63,yellow,2001
MA,24,blue,2001
MB,47,yellow,2001
MD,11,blue,2001
MF,36,orange,2001
MG,12,green,2001
MH,31,orange,2001
MI,76,green,2001
MK,23,yellow,2001
ML,63,blue,2001
MN,83,blue,2001
MO,2,green,2001
MP,99,orange,2001
MQ,85,grey,2001
MR,98,grey,2001
MT,67,blue,2001
MU,30,yellow,2001
MV,79,yellow,2001
MW,3,orange,2001
MX,54,green,2001
MY,23,yellow,2001
MZ,55,blue,2001
NC,62,grey,2001
NE,14,blue,2001
NF,65,orange,2001
NG,25,yellow,2001
NH,10,orange,2001
NI,41,orange,2001
NL,4,yellow,2001
NO,90,orange,2001
NP,65,grey,2001
NR,2,green,2001
NS,21,grey,2001
NT,38,yellow,2001
NU,76,orange,2001
NZ,18,grey,2001
PA,73,orange,2001
PC,66,orange,2001
PE,66,blue,2001
PG,65,blue,2001
PK,79,yellow,2001
PL,83,yellow,2001
PM,92,yellow,2001
PO,18,green,2001
PP,21,green,2001
PS,97,yellow,2001
PU,86,orange,2001
QA,11,grey,2001
RE,39,green,2001
RM,71,grey,2001
RO,6,grey,2001
RP,85,green,2001
RQ,88,yellow,2001
RS,76,yellow,2001
RW,68,blue,2001
SA,10,green,2001
SB,42,orange,2001
SC,1,grey,2001
SE,47,yellow,2001
SF,64,green,2001
SG,6,yellow,2001
SH,13,orange,2001
SI,17,orange,2001
SL,99,grey,2001
SM,12,grey,2001
SN,45,yellow,2001
SO,35,green,2001
SP,85,blue,2001
SR,52,orange,2001
ST,17,grey,2001
SU,91,green,2001
SV,20,yellow,2001
SW,85,orange,2001
SX,43,orange,2001
SY,40,grey,2001
SZ,94,orange,2001
TD,44,grey,2001
TH,63,blue,2001
TI,49,orange,2001
TK,63,blue,2001
TL,54,orange,2001
TM,70,orange,2001
TN,84,blue,2001
TO,2,grey,2001
TP,81,grey,2001
TS,100,grey,2001
TU,68,grey,2001
TV,72,grey,2001
TW,52,orange,2001
TX,93,yellow,2001
TZ,35,green,2001
UG,68,orange,2001
UK,57,yellow,2001
UP,16,grey,2001
US,65,orange,2001
UV,38,yellow,2001
UY,72,grey,2001
UZ,20,green,2001
VC,14,green,2001
VE,2,blue,2001
VI,79,blue,2001
VM,99,orange,2001
VQ,46,yellow,2001
VT,28,yellow,2001
WA,100,yellow,2001
WE,23,green,2001
WF,61,yellow,2001
WI,73,green,2001
WQ,79,green,2001
WS,59,green,2001
WZ,78,grey,2001
YM,55,yellow,2001
ZA,52,orange,2001
ZI,86,yellow,2001
IN,43,yellow,2001
AA,30,blue,2002
AC,35,yellow,2002
AE,49,yellow,2002
AF,99,blue,2002
AG,81,green,2002
AJ,37,green,2002
AL,57,blue,2002
AM,64,orange,2002
AN,65,blue,2002
AO,1,grey,2002
AQ,51,yellow,2002
AR,49,orange,2002
AS,83,orange,2002
AU,41,green,2002
AV,39,grey,2002
AY,5,green,2002
BA,96,grey,2002
BB,67,blue,2002
BC,87,orange,2002
BD,10,yellow,2002
BE,86,green,2002
BF,62,yellow,2002
BG,6,yellow,2002
BH,78,blue,2002
BK,71,orange,2002
BL,55,blue,2002
BM,49,green,2002
BN,94,blue,2002
BO,43,yellow,2002
BP,72,green,2002
BR,25,grey,2002
BT,41,grey,2002
BU,40,yellow,2002
BV,44,blue,2002
BX,21,blue,2002
BY,51,green,2002
CA,5,grey,2002
CB,80,grey,2002
CD,21,blue,2002
CE,100,blue,2002
CF,86,orange,2002
CG,89,green,2002
CH,59,blue,2002
CI,29,orange,2002
CJ,11,orange,2002
CK,100,grey,2002
CM,54,blue,2002
CN,49,yellow,2002
CO,32,yellow,2002
CQ,87,grey,2002
CS,31,orange,2002
CT,54,orange,2002
CU,74,grey,2002
CV,87,grey,2002
CW,58,orange,2002
CY,63,blue,2002
DA,46,blue,2002
DJ,66,grey,2002
DO,99,blue,2002
DQ,50,blue,2002
DR,54,blue,2002
EC,7,yellow,2002
EG,15,blue,2002
EI,25,green,2002
EK,83,grey,2002
EN,23,green,2002
ER,91,orange,2002
ES,3,blue,2002
ET,94,orange,2002
EZ,85,grey,2002
FG,81,orange,2002
FI,32,yellow,2002
FJ,84,green,2002
FK,25,blue,2002
FM,4,blue,2002
FO,82,orange,2002
FP,1,green,2002
FR,9,yellow,2002
FS,96,orange,2002
GA,67,green,2002
GB,84,orange,2002
GG,76,blue,2002
GH,34,yellow,2002
GI,84,orange,2002
GJ,34,orange,2002
GK,10,blue,2002
GL,8,orange,2002
GM,4,yellow,2002
GP,59,grey,2002
GQ,67,grey,2002
GR,82,grey,2002
GT,29,blue,2002
GV,82,yellow,2002
GY,26,grey,2002
GZ,58,green,2002
HA,49,green,2002
HM,38,blue,2002
HO,16,blue,2002
HQ,64,green,2002
HR,3,grey,2002
HU,69,yellow,2002
IC,82,grey,2002
ID,61,yellow,2002
IM,57,grey,2002
IO,67,grey,2002
IR,74,yellow,2002
IS,28,blue,2002
IT,87,blue,2002
IV,28,green,2002
IZ,83,grey,2002
JA,24,blue,2002
JE,9,yellow,2002
JM,71,green,2002
JN,39,yellow,2002
JO,12,blue,2002
JU,94,green,2002
KE,58,green,2002
KG,7,green,2002
KN,85,grey,2002
KR,61,orange,2002
KS,42,grey,2002
KT,13,green,2002
KU,97,blue,2002
KZ,94,yellow,2002
LA,17,grey,2002
LE,2,blue,2002
LG,34,grey,2002
LH,53,grey,2002
LI,31,grey,2002
LO,10,grey,2002
LS,75,yellow,2002
LT,43,green,2002
LU,98,grey,2002
LY,49,yellow,2002
MA,67,green,2002
MB,51,grey,2002
MD,48,grey,2002
MF,72,orange,2002
MG,87,green,2002
MH,67,orange,2002
MI,94,grey,2002
MK,23,green,2002
ML,8,grey,2002
MN,96,grey,2002
MO,93,orange,2002
MP,58,grey,2002
MQ,4,blue,2002
MR,14,blue,2002
MT,57,green,2002
MU,94,yellow,2002
MV,41,grey,2002
MW,54,grey,2002
MX,93,green,2002
MY,10,green,2002
MZ,48,grey,2002
NC,24,blue,2002
NE,66,yellow,2002
NF,45,yellow,2002
NG,74,grey,2002
NH,67,grey,2002
NI,14,grey,2002
NL,53,green,2002
NO,85,blue,2002
NP,37,yellow,2002
NR,35,yellow,2002
NS,42,orange,2002
NT,18,green,2002
NU,37,yellow,2002
NZ,44,grey,2002
PA,57,blue,2002
PC,11,yellow,2002
PE,66,orange,2002
PG,35,yellow,2002
PK,98,orange,2002
PL,34,grey,2002
PM,46,orange,2002
PO,18,yellow,2002
PP,10,green,2002
PS,15,yellow,2002
PU,56,yellow,2002
QA,28,yellow,2002
RE,58,grey,2002
RM,74,yellow,2002
RO,24,yellow,2002
RP,13,yellow,2002
RQ,50,grey,2002
RS,35,green,2002
RW,9,blue,2002
SA,6,green,2002
SB,96,orange,2002
SC,87,yellow,2002
SE,84,yellow,2002
SF,35,green,2002
SG,44,orange,2002
SH,89,orange,2002
SI,84,blue,2002
SL,77,yellow,2002
SM,97,grey,2002
SN,5,grey,2002
SO,100,green,2002
SP,53,yellow,2002
SR,37,yellow,2002
ST,75,orange,2002
SU,29,grey,2002
SV,60,yellow,2002
SW,27,orange,2002
SX,68,yellow,2002
SY,29,green,2002
SZ,25,green,2002
TD,29,green,2002
TH,6,grey,2002
TI,54,green,2002
TK,6,green,2002
TL,38,grey,2002
TM,85,green,2002
TN,64,blue,2002
TO,20,orange,2002
TP,10,blue,2002
TS,54,blue,2002
TU,25,blue,2002
TV,90,green,2002
TW,29,orange,2002
TX,18,yellow,2002
TZ,92,yellow,2002
UG,66,blue,2002
UK,29,orange,2002
UP,13,green,2002
US,68,orange,2002
UV,47,blue,2002
UY,25,grey,2002
UZ,88,grey,2002
VC,52,blue,2002
VE,68,blue,2002
VI,21,grey,2002
VM,46,green,2002
VQ,45,yellow,2002
VT,39,grey,2002
WA,27,blue,2002
WE,68,yellow,2002
WF,35,blue,2002
WI,1,blue,2002
WQ,64,yellow,2002
WS,36,grey,2002
WZ,91,blue,2002
YM,24,grey,2002
ZA,68,green,2002
ZI,41,blue,2002
IN,17,orange,2002
AA,12,green,2003
AC,74,blue,2003
AE,34,green,2003
AF,48,orange,2003
AG,56,grey,2003
AJ,77,green,2003
AL,20,grey,2003
AM,49,grey,2003
AN,40,green,2003
AO,12,grey,2003
AQ,33,yellow,2003
AR,90,grey,2003
AS,62,blue,2003
AU,90,green,2003
AV,99,blue,2003
AY,15,green,2003
BA,46,grey,2003
BB,46,green,2003
BC,96,green,2003
BD,44,orange,2003
BE,27,green,2003
BF,65,green,2003
BG,46,orange,2003
BH,9,green,2003
BK,37,green,2003
BL,11,grey,2003
BM,81,blue,2003
BN,13,green,2003
BO,64,blue,2003
BP,54,blue,2003
BR,56,orange,2003
BT,14,blue,2003
BU,19,blue,2003
BV,67,grey,2003
BX,11,orange,2003
BY,38,green,2003
CA,44,blue,2003
CB,92,green,2003
CD,25,yellow,2003
CE,87,yellow,2003
CF,75,orange,2003
CG,35,yellow,2003
CH,42,orange,2003
CI,91,blue,2003
CJ,75,orange,2003
CK,38,blue,2003
CM,53,orange,2003
CN,28,grey,2003
CO,96,green,2003
CQ,87,green,2003
CS,76,grey,2003
CT,86,blue,2003
CU,23,yellow,2003
CV,41,blue,2003
CW,22,green,2003
CY,30,grey,2003
DA,92,green,2003
DJ,20,green,2003
DO,100,orange,2003
DQ,42,green,2003
DR,5,grey,2003
EC,97,yellow,2003
EG,99,green,2003
EI,11,blue,2003
EK,78,grey,2003
EN,23,grey,2003
ER,20,green,2003
ES,13,orange,2003
ET,20,blue,2003
EZ,70,orange,2003
FG,100,blue,2003
FI,25,yellow,2003
FJ,65,yellow,2003
FK,25,orange,2003
FM,53,green,2003
FO,99,yellow,2003
FP,2,yellow,2003
FR,89,yellow,2003
FS,84,blue,2003
GA,84,green,2003
GB,15,blue,2003
GG,92,blue,2003
GH,6,green,2003
GI,26,orange,2003
GJ,83,blue,2003
GK,28,yellow,2003
GL,35,green,2003
GM,26,grey,2003
GP,39,orange,2003
GQ,46,orange,2003
GR,90,grey,2003
GT,36,yellow,2003
GV,31,orange,2003
GY,71,yellow,2003
GZ,29,yellow,2003
HA,25,green,2003
HM,36,orange,2003
HO,79,grey,2003
HQ,89,orange,2003
HR,7,yellow,2003
HU,50,grey,2003
IC,51,yellow,2003
ID,23,grey,2003
IM,92,orange,2003
IO,50,grey,2003
IR,2,green,2003
IS,7,yellow,2003
IT,16,yellow,2003
IV,76,yellow,2003
IZ,18,orange,2003
JA,53,blue,2003
JE,99,orange,2003
JM,40,green,2003
JN,67,yellow,2003
JO,36,grey,2003
JU,18,yellow,2003
KE,23,grey,2003
KG,59,blue,2003
KN,61,orange,2003
KR,98,grey,2003
KS,39,yellow,2003
KT,85,blue,2003
KU,47,blue,2003
KZ,39,blue,2003
LA,10,orange,2003
LE,64,grey,2003
LG,74,grey,2003
LH,60,grey,2003
LI,24,grey,2003
LO,34,green,2003
LS,20,orange,2003
LT,32,orange,2003
LU,26,orange,2003
LY,88,yellow,2003
MA,25,blue,2003
MB,66,grey,2003
MD,33,blue,2003
MF,89,orange,2003
MG,100,grey,2003
MH,33,yellow,2003
MI,47,blue,2003
MK,85,orange,2003
ML,87,grey,2003
MN,47,orange,2003
MO,51,green,2003
MP,86,yellow,2003
MQ,65,green,2003
MR,75,green,2003
MT,11,orange,2003
MU,94,orange,2003
MV,75,green,2003
MW,92,grey,2003
MX,36,yellow,2003
MY,59,blue,2003
MZ,49,orange,2003
NC,14,grey,2003
NE,56,orange,2003
NF,51,orange,2003
NG,49,grey,2003
NH,3,orange,2003
NI,20,blue,2003
NL,74,yellow,2003
NO,14,green,2003
NP,68,grey,2003
NR,16,yellow,2003
NS,69,grey,2003
NT,43,yellow,2003
NU,10,green,2003
NZ,94,blue,2003
PA,18,orange,2003
PC,14,blue,2003
PE,95,yellow,2003
PG,9,grey,2003
PK,71,orange,2003
PL,77,green,2003
PM,90,grey,2003
PO,91,blue,2003
PP,45,orange,2003
PS,96,blue,2003
PU,56,grey,2003
QA,34,grey,2003
RE,26,green,2003
RM,53,blue,2003
RO,12,grey,2003
RP,57,orange,2003
RQ,98,yellow,2003
RS,71,blue,2003
RW,4,green,2003
SA,51,grey,2003
SB,74,orange,2003
SC,18,yellow,2003
SE,41,grey,2003
SF,59,grey,2003
SG,47,green,2003
SH,99,green,2003
SI,61,orange,2003
SL,63,grey,2003
SM,52,yellow,2003
SN,77,grey,2003
SO,63,blue,2003
SP,43,green,2003
SR,4,orange,2003
ST,95,blue,2003
SU,37,grey,2003
SV,51,green,2003
SW,20,green,2003
SX,73,orange,2003
SY,61,yellow,2003
SZ,100,yellow,2003
TD,77,orange,2003
TH,47,blue,2003
TI,56,orange,2003
TK,40,yellow,2003
TL,26,grey,2003
TM,47,grey,2003
TN,62,grey,2003
TO,63,blue,2003
TP,91,grey,2003
TS,12,orange,2003
TU,84,grey,2003
TV,16,green,2003
TW,85,blue,2003
TX,93,blue,2003
TZ,2,blue,2003
UG,90,blue,2003
UK,87,orange,2003
UP,22,orange,2003
US,17,yellow,2003
UV,86,blue,2003
UY,17,blue,2003
UZ,45,grey,2003
VC,69,blue,2003
VE,41,yellow,2003
VI,14,yellow,2003
VM,71,grey,2003
VQ,82,orange,2003
VT,17,grey,2003
WA,39,orange,2003
WE,57,yellow,2003
WF,86,orange,2003
WI,4,orange,2003
WQ,47,grey,2003
WS,54,green,2003
WZ,8,yellow,2003
YM,42,blue,2003
ZA,57,grey,2003
ZI,31,grey,2003
IN,72,green,2003
AA,56,grey,2004
AC,24,grey,2004
AE,82,green,2004
AF,29,orange,2004
AG,61,grey,2004
AJ,70,green,2004
AL,81,grey,2004
AM,30,orange,2004
AN,48,yellow,2004
AO,21,green,2004
AQ,94,orange,2004
AR,47,grey,2004
AS,96,blue,2004
AU,61,blue,2004
AV,98,green,2004
AY,90,green,2004
BA,28,yellow,2004
BB,19,green,2004
BC,5,yellow,2004
BD,58,green,2004
BE,17,blue,2004
BF,39,yellow,2004
BG,81,green,2004
BH,95,orange,2004
BK,32,grey,2004
BL,98,orange,2004
BM,56,yellow,2004
BN,21,blue,2004
BO,85,green,2004
BP,36,blue,2004
BR,24,grey,2004
BT,46,yellow,2004
BU,94,blue,2004
BV,36,yellow,2004
BX,7,orange,2004
BY,75,grey,2004
CA,9,grey,2004
CB,37,green,2004
CD,39,yellow,2004
CE,51,green,2004
CF,4,grey,2004
CG,78,orange,2004
CH,30,green,2004
CI,10,grey,2004
CJ,93,yellow,2004
CK,38,orange,2004
CM,80,orange,2004
CN,13,orange,2004
CO,7,green,2004
CQ,29,orange,2004
CS,13,blue,2004
CT,54,green,2004
CU,81,grey,2004
CV,67,yellow,2004
CW,53,yellow,2004
CY,88,green,2004
DA,68,yellow,2004
DJ,15,orange,2004
DO,11,grey,2004
DQ,93,grey,2004
DR,27,blue,2004
EC,84,blue,2004
EG,61,yellow,2004
EI,68,blue,2004
EK,5,blue,2004
EN,6,blue,2004
ER,76,orange,2004
ES,79,green,2004
ET,46,yellow,2004
EZ,45,green,2004
FG,43,grey,2004
FI,89,yellow,2004
FJ,89,grey,2004
FK,16,green,2004
FM,20,orange,2004
FO,12,yellow,2004
FP,62,green,2004
FR,93,yellow,2004
FS,3,orange,2004
GA,47,orange,2004
GB,61,yellow,2004
GG,1,orange,2004
GH,27,blue,2004
GI,88,grey,2004
GJ,7,grey,2004
GK,81,orange,2004
GL,30,green,2004
GM,100,blue,2004
GP,43,yellow,2004
GQ,17,yellow,2004
GR,51,grey,2004
GT,95,grey,2004
GV,82,orange,2004
GY,22,blue,2004
GZ,65,orange,2004
HA,94,blue,2004
HM,16,yellow,2004
HO,91,grey,2004
HQ,24,green,2004
HR,54,yellow,2004
HU,95,grey,2004
IC,52,grey,2004
ID,56,green,2004
IM,100,grey,2004
IO,91,blue,2004
IR,20,yellow,2004
IS,21,green,2004
IT,16,yellow,2004
IV,43,green,2004
IZ,35,yellow,2004
JA,22,blue,2004
JE,52,green,2004
JM,37,green,2004
JN,24,green,2004
JO,3,grey,2004
JU,29,blue,2004
KE,36,blue,2004
KG,84,blue,2004
KN,35,green,2004
KR,90,blue,2004
KS,14,green,2004
KT,13,blue,2004
KU,3,orange,2004
KZ,27,yellow,2004
LA,26,grey,2004
LE,85,grey,2004
LG,80,green,2004
LH,94,grey,2004
LI,23,green,2004
LO,92,green,2004
LS,4,yellow,2004
LT,87,blue,2004
LU,37,green,2004
LY,73,grey,2004
MA,18,yellow,2004
MB,38,yellow,2004
MD,1,yellow,2004
MF,38,blue,2004
MG,31,blue,2004
MH,33,green,2004
MI,56,blue,2004
MK,29,grey,2004
ML,87,green,2004
MN,89,blue,2004
MO,87,green,2004
MP,71,orange,2004
MQ,41,green,2004
MR,24,grey,2004
MT,93,green,2004
MU,72,orange,2004
MV,84,orange,2004
MW,25,orange,2004
MX,73,green,2004
MY,57,green,2004
MZ,5,green,2004
NC,96,orange,2004
NE,65,orange,2004
NF,79,orange,2004
NG,97,grey,2004
NH,91,grey,2004
NI,40,blue,2004
NL,63,orange,2004
NO,96,green,2004
NP,13,blue,2004
NR,55,yellow,2004
NS,97,yellow,2004
NT,52,grey,2004
NU,51,yellow,2004
NZ,10,blue,2004
PA,27,grey,2004
PC,81,grey,2004
PE,69,grey,2004
PG,42,orange,2004
PK,72,green,2004
PL,46,yellow,2004
PM,93,grey,2004
PO,26,green,2004
PP,28,orange,2004
PS,30,blue,2004
PU,48,green,2004
QA,71,orange,2004
RE,25,grey,2004
RM,42,blue,2004
RO,72,grey,2004
RP,4,green,2004
RQ,36,grey,2004
RS,77,yellow,2004
RW,71,grey,2004
SA,93,orange,2004
SB,30,grey,2004
SC,88,blue,2004
SE,78,orange,2004
SF,9,yellow,2004
SG,93,green,2004
SH,83,yellow,2004
SI,3,orange,2004
SL,71,yellow,2004
SM,43,grey,2004
SN,24,orange,2004
SO,81,green,2004
SP,100,orange,2004
SR,59,yellow,2004
ST,10,blue,2004
SU,77,yellow,2004
SV,1,orange,2004
SW,62,blue,2004
SX,5,blue,2004
SY,47,grey,2004
SZ,79,orange,2004
TD,72,blue,2004
TH,87,blue,2004
TI,25,orange,2004
TK,24,green,2004
TL,23,orange,2004
TM,24,orange,2004
TN,98,yellow,2004
TO,44,orange,2004
TP,16,grey,2004
TS,53,grey,2004
TU,84,green,2004
TV,82,orange,2004
TW,70,yellow,2004
TX,44,green,2004
TZ,21,grey,2004
UG,67,blue,2004
UK,72,orange,2004
UP,61,orange,2004
US,24,grey,2004
UV,47,yellow,2004
UY,74,yellow,2004
UZ,35,green,2004
VC,52,orange,2004
VE,82,green,2004
VI,87,yellow,2004
VM,47,green,2004
VQ,74,blue,2004
VT,46,grey,2004
WA,95,grey,2004
WE,73,yellow,2004
WF,72,grey,2004
WI,39,grey,2004
WQ,47,blue,2004
WS,36,orange,2004
WZ,15,blue,2004
YM,87,yellow,2004
ZA,80,grey,2004
ZI,95,grey,2004
IN,33,blue,2004
AA,70,blue,2005
AC,11,blue,2005
AE,53,green,2005
AF,89,blue,2005
AG,66,yellow,2005
AJ,52,green,2005
AL,12,green,2005
AM,35,blue,2005
AN,93,yellow,2005
AO,63,green,2005
AQ,49,blue,2005
AR,40,green,2005
AS,46,grey,2005
AU,40,grey,2005
AV,65,green,2005
AY,41,yellow,2005
BA,7,green,2005
BB,10,green,2005
BC,27,blue,2005
BD,77,orange,2005
BE,41,orange,2005
BF,83,grey,2005
BG,92,grey,2005
BH,21,green,2005
BK,30,orange,2005
BL,77,grey,2005
BM,36,grey,2005
BN,26,blue,2005
BO,40,yellow,2005
BP,25,blue,2005
BR,31,yellow,2005
BT,78,green,2005
BU,81,orange,2005
BV,95,blue,2005
BX,66,orange,2005
BY,89,yellow,2005
CA,55,blue,2005
CB,21,orange,2005
CD,30,green,2005
CE,37,yellow,2005
CF,93,green,2005
CG,13,yellow,2005
CH,60,blue,2005
CI,68,grey,2005
CJ,60,blue,2005
CK,5,blue,2005
CM,95,grey,2005
CN,26,grey,2005
CO,53,orange,2005
CQ,13,grey,2005
CS,49,orange,2005
CT,12,green,2005
CU,67,orange,2005
CV,75,grey,2005
CW,84,yellow,2005
CY,76,blue,2005
DA,95,orange,2005
DJ,49,grey,2005
DO,51,grey,2005
DQ,92,green,2005
DR,26,yellow,2005
EC,20,blue,2005
EG,36,grey,2005
EI,91,grey,2005
EK,61,green,2005
EN,53,yellow,2005
ER,48,grey,2005
ES,85,grey,2005
ET,83,green,2005
EZ,4,blue,2005
FG,77,green,2005
FI,60,grey,2005
FJ,28,orange,2005
FK,69,orange,2005
FM,36,grey,2005
FO,4,blue,2005
FP,57,blue,2005
FR,81,orange,2005
FS,54,grey,2005
GA,15,blue,2005
GB,29,orange,2005
GG,65,green,2005
GH,21,grey,2005
GI,73,green,2005
GJ,78,orange,2005
GK,92,green,2005
GL,39,grey,2005
GM,24,green,2005
GP,79,grey,2005
GQ,51,yellow,2005
GR,93,grey,2005
GT,18,green,2005
GV,83,yellow,2005
GY,68,grey,2005
GZ,62,orange,2005
HA,60,grey,2005
HM,22,blue,2005
HO,71,green,2005
HQ,100,grey,2005
HR,36,orange,2005
HU,28,orange,2005
IC,71,yellow,2005
ID,34,green,2005
IM,97,orange,2005
IO,18,yellow,2005
IR,6,green,2005
IS,53,grey,2005
IT,64,yellow,2005
IV,23,grey,2005
IZ,66,green,2005
JA,15,green,2005
JE,67,blue,2005
JM,61,grey,2005
JN,41,grey,2005
JO,52,grey,2005
JU,98,yellow,2005
KE,23,yellow,2005
KG,52,green,2005
KN,59,green,2005
KR,72,green,2005
KS,92,blue,2005
KT,84,blue,2005
KU,90,orange,2005
KZ,95,green,2005
LA,54,green,2005
LE,91,blue,2005
LG,75,yellow,2005
LH,18,green,2005
LI,71,blue,2005
LO,69,blue,2005
LS,11,blue,2005
LT,46,orange,2005
LU,87,orange,2005
LY,38,grey,2005
MA,82,orange,2005
MB,15,blue,2005
MD,17,green,2005
MF,99,blue,2005
MG,18,yellow,2005
MH,32,grey,2005
MI,13,grey,2005
MK,90,orange,2005
ML,7,green,2005
MN,72,blue,2005
MO,49,yellow,2005
MP,100,orange,2005
MQ,6,orange,2005
MR,100,green,2005
MT,28,grey,2005
MU,29,grey,2005
MV,79,green,2005
MW,91,orange,2005
MX,73,yellow,2005
MY,90,blue,2005
MZ,38,yellow,2005
NC,18,green,2005
NE,3,blue,2005
NF,82,orange,2005
NG,8,blue,2005
NH,100,orange,2005
NI,5,green,2005
NL,44,blue,2005
NO,82,yellow,2005
NP,99,blue,2005
NR,31,green,2005
NS,23,blue,2005
NT,65,green,2005
NU,14,yellow,2005
NZ,6,yellow,2005
PA,31,blue,2005
PC,40,yellow,2005
PE,70,grey,2005
PG,24,grey,2005
PK,39,yellow,2005
PL,7,yellow,2005
PM,7,blue,2005
PO,10,orange,2005
PP,88,yellow,2005
PS,30,grey,2005
PU,12,grey,2005
QA,19,yellow,2005
RE,74,yellow,2005
RM,48,grey,2005
RO,73,blue,2005
RP,100,grey,2005
RQ,30,grey,2005
RS,86,yellow,2005
RW,81,green,2005
SA,19,green,2005
SB,77,green,2005
SC,46,grey,2005
SE,76,grey,2005
SF,94,blue,2005
SG,72,green,2005
SH,94,green,2005
SI,56,green,2005
SL,79,orange,2005
SM,46,grey,2005
SN,6,green,2005
SO,32,grey,2005
SP,84,yellow,2005
SR,43,blue,2005
ST,9,green,2005
SU,19,blue,2005
SV,82,grey,2005
SW,43,orange,2005
SX,40,yellow,2005
SY,99,yellow,2005
SZ,52,grey,2005
TD,80,blue,2005
TH,97,orange,2005
TI,99,grey,2005
TK,3,yellow,2005
TL,76,grey,2005
TM,23,grey,2005
TN,93,orange,2005
TO,22,orange,2005
TP,28,blue,2005
TS,17,grey,2005
TU,65,yellow,2005
TV,92,grey,2005
TW,35,grey,2005
TX,32,yellow,2005
TZ,7,yellow,2005
UG,85,yellow,2005
UK,70,grey,2005
UP,86,yellow,2005
US,47,grey,2005
UV,60,orange,2005
UY,35,blue,2005
UZ,55,grey,2005
VC,26,orange,2005
VE,35,orange,2005
VI,48,grey,2005
VM,78,green,2005
VQ,69,grey,2005
VT,5,grey,2005
WA,6,yellow,2005
WE,69,yellow,2005
WF,40,yellow,2005
WI,7,yellow,2005
WQ,8,blue,2005
WS,13,yellow,2005
WZ,60,green,2005
YM,25,grey,2005
ZA,5,blue,2005
ZI,61,grey,2005
IN,70,blue,2005
AA,14,orange,2006
AC,3,green,2006
AE,87,blue,2006
AF,11,green,2006
AG,14,yellow,2006
AJ,95,blue,2006
AL,97,blue,2006
AM,11,green,2006
AN,50,yellow,2006
AO,59,yellow,2006
AQ,3,green,2006
AR,91,orange,2006
AS,77,green,2006
AU,21,blue,2006
AV,63,green,2006
AY,14,green,2006
BA,10,green,2006
BB,96,yellow,2006
BC,64,grey,2006
BD,38,orange,2006
BE,66,grey,2006
BF,55,green,2006
BG,25,blue,2006
BH,6,green,2006
BK,94,yellow,2006
BL,52,grey,2006
BM,50,blue,2006
BN,64,yellow,2006
BO,3,grey,2006
BP,88,grey,2006
BR,38,yellow,2006
BT,59,blue,2006
BU,99,green,2006
BV,78,yellow,2006
BX,95,yellow,2006
BY,9,orange,2006
CA,49,blue,2006
CB,93,orange,2006
CD,7,yellow,2006
CE,37,grey,2006
CF,12,green,2006
CG,18,yellow,2006
CH,34,green,2006
CI,17,green,2006
CJ,70,blue,2006
CK,17,green,2006
CM,52,orange,2006
CN,32,orange,2006
CO,61,blue,2006
CQ,84,grey,2006
CS,98,yellow,2006
CT,86,orange,2006
CU,12,orange,2006
CV,50,yellow,2006
CW,65,orange,2006
CY,48,orange,2006
DA,95,grey,2006
DJ,78,orange,2006
DO,61,orange,2006
DQ,74,green,2006
DR,82,grey,2006
EC,18,grey,2006
EG,96,orange,2006
EI,35,blue,2006
EK,31,grey,2006
EN,6,grey,2006
ER,50,blue,2006
ES,32,blue,2006
ET,57,orange,2006
EZ,43,green,2006
FG,51,grey,2006
FI,95,green,2006
FJ,77,grey,2006
FK,17,green,2006
FM,60,yellow,2006
FO,35,blue,2006
FP,65,grey,2006
FR,31,yellow,2006
FS,16,green,2006
GA,78,blue,2006
GB,55,green,2006
GG,26,blue,2006
GH,80,grey,2006
GI,4,green,2006
GJ,65,orange,2006
GK,34,orange,2006
GL,70,grey,2006
GM,65,yellow,2006
GP,25,orange,2006
GQ,28,grey,2006
GR,35,grey,2006
GT,69,yellow,2006
GV,19,yellow,2006
GY,35,yellow,2006
GZ,26,orange,2006
HA,44,orange,2006
HM,10,blue,2006
HO,6,orange,2006
HQ,93,yellow,2006
HR,14,yellow,2006
HU,16,yellow,2006
IC,60,yellow,2006
ID,14,yellow,2006
IM,43,orange,2006
IO,94,grey,2006
IR,50,yellow,2006
IS,29,blue,2006
IT,56,blue,2006
IV,5,blue,2006
IZ,92,green,2006
JA,89,yellow,2006
JE,22,grey,2006
JM,84,orange,2006
JN,73,orange,2006
JO,68,green,2006
JU,92,blue,2006
KE,1,yellow,2006
KG,36,orange,2006
KN,48,blue,2006
KR,49,yellow,2006
KS,26,green,2006
KT,31,yellow,2006
KU,49,blue,2006
KZ,91,grey,2006
LA,35,blue,2006
LE,34,blue,2006
LG,94,grey,2006
LH,27,blue,2006
LI,47,grey,2006
LO,98,blue,2006
LS,76,blue,2006
LT,52,orange,2006
LU,77,green,2006
LY,36,green,2006
MA,49,grey,2006
MB,47,yellow,2006
MD,71,green,2006
MF,92,green,2006
MG,42,grey,2006
MH,98,grey,2006
MI,75,green,2006
MK,6,grey,2006
ML,92,green,2006
MN,46,yellow,2006
MO,41,grey,2006
MP,79,yellow,2006
MQ,93,yellow,2006
MR,9,yellow,2006
MT,81,blue,2006
MU,53,yellow,2006
MV,74,blue,2006
MW,65,green,2006
MX,94,green,2006
MY,29,green,2006
MZ,59,blue,2006
NC,81,yellow,2006
NE,47,grey,2006
NF,57,yellow,2006
NG,93,yellow,2006
NH,24,blue,2006
NI,44,green,2006
NL,10,yellow,2006
NO,68,green,2006
NP,6,orange,2006
NR,97,yellow,2006
NS,70,green,2006
NT,14,yellow,2006
NU,27,green,2006
NZ,54,blue,2006
PA,64,orange,2006
PC,23,grey,2006
PE,14,blue,2006
PG,49,green,2006
PK,54,grey,2006
PL,60,blue,2006
PM,24,grey,2006
PO,21,green,2006
PP,62,yellow,2006
PS,73,yellow,2006
PU,34,orange,2006
QA,21,grey,2006
RE,18,orange,2006
RM,63,grey,2006
RO,66,grey,2006
RP,42,green,2006
RQ,24,blue,2006
RS,54,orange,2006
RW,24,blue,2006
SA,31,green,2006
SB,18,yellow,2006
SC,19,blue,2006
SE,24,yellow,2006
SF,31,green,2006
SG,51,green,2006
SH,28,yellow,2006
SI,20,blue,2006
SL,7,orange,2006
SM,46,orange,2006
SN,51,yellow,2006
SO,57,green,2006
SP,98,yellow,2006
SR,26,green,2006
ST,28,green,2006
SU,48,green,2006
SV,26,green,2006
SW,42,green,2006
SX,71,blue,2006
SY,38,yellow,2006
SZ,86,green,2006
TD,43,yellow,2006
TH,13,green,2006
TI,78,grey,2006
TK,12,blue,2006
TL,28,orange,2006
TM,29,orange,2006
TN,29,blue,2006
TO,88,green,2006
TP,47,orange,2006
TS,52,grey,2006
TU,19,orange,2006
TV,15,green,2006
TW,16,yellow,2006
TX,85,blue,2006
TZ,18,orange,2006
UG,43,yellow,2006
UK,63,grey,2006
UP,89,blue,2006
US,97,yellow,2006
UV,92,blue,2006
UY,3,grey,2006
UZ,74,blue,2006
VC,77,blue,2006
VE,10,yellow,2006
VI,83,grey,2006
VM,54,blue,2006
VQ,49,green,2006
VT,75,orange,2006
WA,49,green,2006
WE,92,blue,2006
WF,56,blue,2006
WI,85,orange,2006
WQ,34,grey,2006
WS,69,orange,2006
WZ,65,yellow,2006
YM,69,orange,2006
ZA,28,green,2006
ZI,91,blue,2006
IN,73,yellow,2006
AA,68,blue,2007
AC,39,blue,2007
AE,96,blue,2007
AF,77,yellow,2007
AG,43,yellow,2007
AJ,61,blue,2007
AL,6,yellow,2007
AM,99,green,2007
AN,25,grey,2007
AO,62,grey,2007
AQ,71,yellow,2007
AR,73,orange,2007
AS,34,yellow,2007
AU,10,yellow,2007
AV,99,orange,2007
AY,27,blue,2007
BA,95,orange,2007
BB,64,blue,2007
BC,52,yellow,2007
BD,6,blue,2007
BE,92,grey,2007
BF,70,blue,2007
BG,52,orange,2007
BH,63,green,2007
BK,86,blue,2007
BL,77,yellow,2007
BM,87,orange,2007
BN,12,blue,2007
BO,30,grey,2007
BP,93,yellow,2007
BR,40,yellow,2007
BT,70,blue,2007
BU,91,grey,2007
BV,70,grey,2007
BX,100,blue,2007
BY,10,yellow,2007
CA,26,yellow,2007
CB,19,grey,2007
CD,89,orange,2007
CE,57,yellow,2007
CF,3,yellow,2007
CG,93,blue,2007
CH,44,blue,2007
CI,82,orange,2007
CJ,91,orange,2007
CK,30,yellow,2007
CM,92,blue,2007
CN,49,orange,2007
CO,59,yellow,2007
CQ,39,yellow,2007
CS,43,yellow,2007
CT,88,blue,2007
CU,7,grey,2007
CV,69,green,2007
CW,96,blue,2007
CY,70,blue,2007
DA,31,green,2007
DJ,58,blue,2007
DO,52,green,2007
DQ,10,green,2007
DR,23,blue,2007
EC,13,grey,2007
EG,58,green,2007
EI,91,yellow,2007
EK,75,yellow,2007
EN,71,blue,2007
ER,54,orange,2007
ES,57,grey,2007
ET,83,yellow,2007
EZ,74,grey,2007
FG,25,yellow,2007
FI,19,green,2007
FJ,68,yellow,2007
FK,53,blue,2007
FM,72,green,2007
FO,78,blue,2007
FP,62,grey,2007
FR,72,grey,2007
FS,29,green,2007
GA,66,grey,2007
GB,32,yellow,2007
GG,13,blue,2007
GH,8,yellow,2007
GI,57,yellow,2007
GJ,47,grey,2007
GK,60,yellow,2007
GL,61,blue,2007
GM,7,green,2007
GP,89,grey,2007
GQ,89,blue,2007
GR,82,grey,2007
GT,72,blue,2007
GV,3,yellow,2007
GY,71,green,2007
GZ,84,yellow,2007
HA,8,orange,2007
HM,45,blue,2007
HO,15,grey,2007
HQ,12,orange,2007
HR,37,yellow,2007
HU,3,grey,2007
IC,68,blue,2007
ID,79,blue,2007
IM,50,orange,2007
IO,71,yellow,2007
IR,77,orange,2007
IS,60,grey,2007
IT,42,grey,2007
IV,8,yellow,2007
IZ,4,blue,2007
JA,54,yellow,2007
JE,85,yellow,2007
JM,87,grey,2007
JN,51,blue,2007
JO,63,orange,2007
JU,36,grey,2007
KE,100,green,2007
KG,83,orange,2007
KN,21,orange,2007
KR,26,grey,2007
KS,37,orange,2007
KT,46,grey,2007
KU,94,green,2007
KZ,21,green,2007
LA,55,orange,2007
LE,75,orange,2007
LG,21,grey,2007
LH,20,blue,2007
LI,72,orange,2007
LO,35,orange,2007
LS,77,orange,2007
LT,15,grey,2007
LU,8,orange,2007
LY,84,green,2007
MA,2,green,2007
MB,69,blue,2007
MD,100,green,2007
MF,46,blue,2007
MG,5,green,2007
MH,85,yellow,2007
MI,3,orange,2007
MK,75,grey,2007
ML,43,orange,2007
MN,79,orange,2007
MO,89,grey,2007
MP,88,grey,2007
MQ,24,grey,2007
MR,34,green,2007
MT,97,yellow,2007
MU,71,blue,2007
MV,60,grey,2007
MW,63,blue,2007
MX,10,grey,2007
MY,62,grey,2007
MZ,34,orange,2007
NC,46,yellow,2007
NE,82,yellow,2007
NF,2,yellow,2007
NG,86,grey,2007
NH,29,grey,2007
NI,71,blue,2007
NL,77,green,2007
NO,7,green,2007
NP,45,green,2007
NR,82,orange,2007
NS,9,green,2007
NT,9,yellow,2007
NU,1,orange,2007
NZ,31,orange,2007
PA,61,blue,2007
PC,57,orange,2007
PE,3,green,2007
PG,92,green,2007
PK,29,grey,2007
PL,42,yellow,2007
PM,91,yellow,2007
PO,23,grey,2007
PP,19,blue,2007
PS,33,orange,2007
PU,7,grey,2007
QA,54,green,2007
RE,84,blue,2007
RM,83,blue,2007
RO,94,orange,2007
RP,17,grey,2007
RQ,55,blue,2007
RS,67,yellow,2007
RW,83,yellow,2007
SA,31,yellow,2007
SB,62,orange,2007
SC,97,blue,2007
SE,69,orange,2007
SF,84,grey,2007
SG,39,yellow,2007
SH,34,grey,2007
SI,72,orange,2007
SL,18,green,2007
SM,94,yellow,2007
SN,4,blue,2007
SO,4,orange,2007
SP,2,orange,2007
SR,61,yellow,2007
ST,52,blue,2007
SU,29,grey,2007
SV,61,green,2007
SW,86,blue,2007
SX,13,green,2007
SY,17,yellow,2007
SZ,64,orange,2007
TD,28,yellow,2007
TH,84,yellow,2007
TI,17,orange,2007
TK,78,yellow,2007
TL,64,blue,2007
TM,56,orange,2007
TN,75,grey,2007
TO,75,orange,2007
TP,73,yellow,2007
TS,15,grey,2007
TU,45,orange,2007
TV,5,orange,2007
TW,37,yellow,2007
TX,56,grey,2007
TZ,49,green,2007
UG,47,orange,2007
UK,46,blue,2007
UP,37,grey,2007
US,65,green,2007
UV,39,blue,2007
UY,81,green,2007
UZ,39,grey,2007
VC,50,orange,2007
VE,54,yellow,2007
VI,73,green,2007
VM,61,green,2007
VQ,5,grey,2007
VT,42,grey,2007
WA,64,orange,2007
WE,15,yellow,2007
WF,80,yellow,2007
WI,60,blue,2007
WQ,34,grey,2007
WS,68,yellow,2007
WZ,84,blue,2007
YM,69,orange,2007
ZA,2,grey,2007
ZI,84,blue,2007
IN,66,grey,2007
AA,82,grey,2008
AC,38,blue,2008
AE,56,grey,2008
AF,38,yellow,2008
AG,47,yellow,2008
AJ,79,blue,2008
AL,45,green,2008
AM,90,grey,2008
AN,35,blue,2008
AO,96,green,2008
AQ,25,grey,2008
AR,43,yellow,2008
AS,61,yellow,2008
AU,5,blue,2008
AV,100,yellow,2008
AY,55,green,2008
BA,83,grey,2008
BB,67,grey,2008
BC,27,yellow,2008
BD,18,grey,2008
BE,67,blue,2008
BF,100,green,2008
BG,5,green,2008
BH,35,grey,2008
BK,54,yellow,2008
BL,42,blue,2008
BM,88,yellow,2008
BN,62,yellow,2008
BO,83,yellow,2008
BP,62,yellow,2008
BR,66,green,2008
BT,30,green,2008
BU,4,blue,2008
BV,47,grey,2008
BX,51,blue,2008
BY,100,green,2008
CA,99,green,2008
CB,77,orange,2008
CD,98,green,2008
CE,30,grey,2008
CF,59,green,2008
CG,22,grey,2008
CH,4,blue,2008
CI,82,yellow,2008
CJ,32,grey,2008
CK,92,grey,2008
CM,63,blue,2008
CN,90,yellow,2008
CO,14,blue,2008
CQ,6,yellow,2008
CS,39,blue,2008
CT,13,green,2008
CU,84,yellow,2008
CV,30,yellow,2008
CW,30,green,2008
CY,52,green,2008
DA,97,orange,2008
DJ,38,green,2008
DO,58,blue,2008
DQ,49,blue,2008
DR,81,green,2008
EC,89,orange,2008
EG,13,orange,2008
EI,80,grey,2008
EK,47,grey,2008
EN,20,orange,2008
ER,46,green,2008
ES,20,blue,2008
ET,18,grey,2008
EZ,53,green,2008
FG,5,yellow,2008
FI,74,orange,2008
FJ,55,orange,2008
FK,24,blue,2008
FM,51,yellow,2008
FO,7,orange,2008
FP,100,green,2008
FR,32,green,2008
FS,30,green,2008
GA,26,yellow,2008
GB,84,yellow,2008
GG,52,green,2008
GH,6,blue,2008
GI,25,green,2008
GJ,68,grey,2008
GK,53,grey,2008
GL,27,yellow,2008
GM,46,blue,2008
GP,98,yellow,2008
GQ,31,yellow,2008
GR,21,orange,2008
GT,93,grey,2008
GV,86,grey,2008
GY,95,blue,2008
GZ,31,grey,2008
HA,25,green,2008
HM,30,grey,2008
HO,13,green,2008
HQ,27,yellow,2008
HR,38,blue,2008
HU,29,yellow,2008
IC,96,grey,2008
ID,98,grey,2008
IM,61,yellow,2008
IO,54,blue,2008
IR,27,orange,2008
IS,49,orange,2008
IT,34,blue,2008
IV,35,green,2008
IZ,33,orange,2008
JA,65,green,2008
JE,42,green,2008
JM,98,green,2008
JN,1,blue,2008
JO,82,green,2008
JU,36,green,2008
KE,64,orange,2008
KG,68,green,2008
KN,77,green,2008
KR,49,green,2008
KS,44,grey,2008
KT,96,grey,2008
KU,14,orange,2008
KZ,18,blue,2008
LA,1,yellow,2008
LE,2,green,2008
LG,40,grey,2008
LH,53,green,2008
LI,37,blue,2008
LO,58,grey,2008
LS,74,orange,2008
LT,71,orange,2008
LU,69,blue,2008
LY,97,orange,2008
MA,81,yellow,2008
MB,24,grey,2008
MD,57,yellow,2008
MF,68,yellow,2008
MG,27,orange,2008
MH,22,blue,2008
MI,54,blue,2008
MK,48,yellow,2008
ML,3,blue,2008
MN,21,blue,2008
MO,50,blue,2008
MP,5,orange,2008
MQ,73,green,2008
MR,35,green,2008
MT,32,green,2008
MU,33,orange,2008
MV,78,yellow,2008
MW,98,green,2008
MX,100,orange,2008
MY,13,grey,2008
MZ,8,orange,2008
NC,28,orange,2008
NE,41,green,2008
NF,5,yellow,2008
NG,66,blue,2008
NH,38,grey,2008
NI,22,orange,2008
NL,58,blue,2008
NO,87,orange,2008
NP,38,blue,2008
NR,80,orange,2008
NS,27,blue,2008
NT,67,orange,2008
NU,4,grey,2008
NZ,40,blue,2008
PA,64,grey,2008
PC,27,orange,2008
PE,61,yellow,2008
PG,91,yellow,2008
PK,33,grey,2008
PL,86,grey,2008
PM,34,green,2008
PO,91,yellow,2008
PP,98,grey,2008
PS,11,green,2008
PU,33,orange,2008
QA,51,blue,2008
RE,5,orange,2008
RM,97,grey,2008
RO,23,blue,2008
RP,58,orange,2008
RQ,55,green,2008
RS,55,blue,2008
RW,60,green,2008
SA,68,blue,2008
SB,28,green,2008
SC,11,blue,2008
SE,3,green,2008
SF,94,yellow,2008
SG,58,orange,2008
SH,89,orange,2008
SI,81,orange,2008
SL,11,blue,2008
SM,98,orange,2008
SN,74,orange,2008
SO,39,yellow,2008
SP,47,orange,2008
SR,15,grey,2008
ST,35,grey,2008
SU,39,yellow,2008
SV,28,orange,2008
SW,98,blue,2008
SX,67,blue,2008
SY,26,yellow,2008
SZ,18,grey,2008
TD,2,orange,2008
TH,65,grey,2008
TI,16,orange,2008
TK,28,grey,2008
TL,71,blue,2008
TM,37,grey,2008
TN,26,green,2008
TO,6,grey,2008
TP,79,orange,2008
TS,74,green,2008
TU,77,grey,2008
TV,13,orange,2008
TW,53,grey,2008
TX,97,yellow,2008
TZ,77,yellow,2008
UG,11,green,2008
UK,45,grey,2008
UP,7,yellow,2008
US,98,yellow,2008
UV,7,blue,2008
UY,2,blue,2008
UZ,4,blue,2008
VC,9,orange,2008
VE,37,blue,2008
VI,63,yellow,2008
VM,67,grey,2008
VQ,17,grey,2008
VT,17,blue,2008
WA,84,grey,2008
WE,6,yellow,2008
WF,22,orange,2008
WI,80,yellow,2008
WQ,26,orange,2008
WS,31,orange,2008
WZ,71,orange,2008
YM,9,orange,2008
ZA,32,green,2008
ZI,67,orange,2008
IN,30,grey,2008
AA,36,yellow,2009
AC,56,blue,2009
AE,52,blue,2009
AF,37,orange,2009
AG,72,blue,2009
AJ,82,grey,2009
AL,12,orange,2009
AM,93,green,2009
AN,11,yellow,2009
AO,86,green,2009
AQ,67,green,2009
AR,10,blue,2009
AS,5,yellow,2009
AU,87,orange,2009
AV,20,yellow,2009
AY,100,blue,2009
BA,29,yellow,2009
BB,89,grey,2009
BC,40,blue,2009
BD,85,blue,2009
BE,48,grey,2009
BF,8,yellow,2009
BG,36,blue,2009
BH,80,yellow,2009
BK,77,blue,2009
BL,90,blue,2009
BM,6,grey,2009
BN,57,orange,2009
BO,28,blue,2009
BP,77,green,2009
BR,43,grey,2009
BT,73,yellow,2009
BU,30,yellow,2009
BV,64,yellow,2009
BX,23,orange,2009
BY,24,blue,2009
CA,61,grey,2009
CB,66,blue,2009
CD,18,yellow,2009
CE,34,orange,2009
CF,85,grey,2009
CG,6,orange,2009
CH,21,orange,2009
CI,80,yellow,2009
CJ,30,grey,2009
CK,10,blue,2009
CM,49,blue,2009
CN,63,yellow,2009
CO,35,green,2009
CQ,73,green,2009
CS,57,green,2009
CT,73,blue,2009
CU,28,orange,2009
CV,11,green,2009
CW,61,yellow,2009
CY,70,green,2009
DA,57,green,2009
DJ,32,grey,2009
DO,35,green,2009
DQ,95,green,2009
DR,39,blue,2009
EC,29,grey,2009
EG,6,green,2009
EI,24,orange,2009
EK,17,green,2009
EN,12,yellow,2009
ER,13,blue,2009
ES,52,orange,2009
ET,18,green,2009
EZ,76,yellow,2009
FG,16,orange,2009
FI,11,orange,2009
FJ,72,yellow,2009
FK,44,blue,2009
FM,94,blue,2009
FO,1,orange,2009
FP,99,green,2009
FR,95,orange,2009
FS,14,yellow,2009
GA,79,orange,2009
GB,5,green,2009
GG,96,green,2009
GH,25,grey,2009
GI,15,orange,2009
GJ,11,green,2009
GK,88,green,2009
GL,15,orange,2009
GM,89,blue,2009
GP,76,grey,2009
GQ,96,blue,2009
GR,52,orange,2009
GT,92,orange,2009
GV,17,orange,2009
GY,98,yellow,2009
GZ,9,yellow,2009
HA,94,grey,2009
HM,77,grey,2009
HO,100,green,2009
HQ,63,blue,2009
HR,32,yellow,2009
HU,72,grey,2009
IC,29,blue,2009
ID,37,grey,2009
IM,64,orange,2009
IO,70,orange,2009
IR,62,green,2009
IS,30,green,2009
IT,19,orange,2009
IV,7,grey,2009
IZ,17,blue,2009
JA,90,grey,2009
JE,98,yellow,2009
JM,62,green,2009
JN,100,green,2009
JO,45,orange,2009
JU,29,grey,2009
KE,78,grey,2009
KG,17,blue,2009
KN,70,blue,2009
KR,41,yellow,2009
KS,72,yellow,2009
KT,2,blue,2009
KU,63,blue,2009
KZ,45,green,2009
LA,88,grey,2009
LE,76,green,2009
LG,65,green,2009
LH,43,green,2009
LI,90,orange,2009
LO,81,blue,2009
LS,25,orange,2009
LT,4,blue,2009
LU,80,yellow,2009
LY,14,yellow,2009
MA,49,yellow,2009
MB,99,green,2009
MD,70,grey,2009
MF,44,orange,2009
MG,56,orange,2009
MH,41,blue,2009
MI,6,green,2009
MK,60,green,2009
ML,48,grey,2009
MN,47,grey,2009
MO,18,orange,2009
MP,34,orange,2009
MQ,53,green,2009
MR,12,grey,2009
MT,92,orange,2009
MU,33,orange,2009
MV,20,blue,2009
MW,94,blue,2009
MX,81,orange,2009
MY,70,grey,2009
MZ,71,green,2009
NC,81,yellow,2009
NE,11,blue,2009
NF,79,grey,2009
NG,19,orange,2009
NH,19,grey,2009
NI,68,yellow,2009
NL,83,green,2009
NO,33,green,2009
NP,52,grey,2009
NR,31,green,2009
NS,31,orange,2009
NT,51,green,2009
NU,43,blue,2009
NZ,34,orange,2009
PA,7,orange,2009
PC,84,yellow,2009
PE,71,blue,2009
PG,80,grey,2009
PK,33,grey,2009
PL,94,grey,2009
PM,35,orange,2009
PO,91,orange,2009
PP,58,yellow,2009
PS,100,orange,2009
PU,90,yellow,2009
QA,13,grey,2009
RE,94,yellow,2009
RM,75,blue,2009
RO,52,grey,2009
RP,98,green,2009
RQ,90,blue,2009
RS,80,grey,2009
RW,87,grey,2009
SA,19,green,2009
SB,83,grey,2009
SC,83,yellow,2009
SE,71,yellow,2009
SF,95,green,2009
SG,97,green,2009
SH,90,orange,2009
SI,40,orange,2009
SL,100,orange,2009
SM,18,grey,2009
SN,65,yellow,2009
SO,16,green,2009
SP,7,green,2009
SR,63,green,2009
ST,67,orange,2009
SU,89,grey,2009
SV,94,yellow,2009
SW,97,green,2009
SX,100,orange,2009
SY,89,grey,2009
SZ,28,orange,2009
TD,1,orange,2009
TH,86,blue,2009
TI,73,grey,2009
TK,98,green,2009
TL,51,blue,2009
TM,27,yellow,2009
TN,100,grey,2009
TO,52,yellow,2009
TP,39,yellow,2009
TS,78,yellow,2009
TU,80,yellow,2009
TV,83,green,2009
TW,57,blue,2009
TX,50,yellow,2009
TZ,38,grey,2009
UG,98,green,2009
UK,58,green,2009
UP,79,orange,2009
US,51,grey,2009
UV,16,orange,2009
UY,56,orange,2009
UZ,84,green,2009
VC,96,green,2009
VE,37,grey,2009
VI,3,blue,2009
VM,65,blue,2009
VQ,96,blue,2009
VT,29,orange,2009
WA,30,yellow,2009
WE,51,blue,2009
WF,72,grey,2009
WI,17,orange,2009
WQ,100,yellow,2009
WS,50,blue,2009
WZ,16,yellow,2009
YM,96,blue,2009
ZA,84,grey,2009
ZI,30,blue,2009
IN,97,grey,2009
AA,18,green,2010
AC,81,orange,2010
AE,4,blue,2010
AF,56,blue,2010
AG,2,blue,2010
AJ,47,blue,2010
AL,70,yellow,2010
AM,55,yellow,2010
AN,42,yellow,2010
AO,17,grey,2010
AQ,57,green,2010
AR,64,blue,2010
AS,56,yellow,2010
AU,3,yellow,2010
AV,28,blue,2010
AY,100,grey,2010
BA,21,yellow,2010
BB,36,yellow,2010
BC,40,green,2010
BD,58,grey,2010
BE,34,green,2010
BF,24,green,2010
BG,76,orange,2010
BH,29,orange,2010
BK,55,blue,2010
BL,50,green,2010
BM,89,orange,2010
BN,23,blue,2010
BO,48,orange,2010
BP,46,orange,2010
BR,76,grey,2010
BT,35,blue,2010
BU,1,yellow,2010
BV,75,yellow,2010
BX,42,grey,2010
BY,79,blue,2010
CA,88,grey,2010
CB,2,blue,2010
CD,8,orange,2010
CE,78,yellow,2010
CF,12,yellow,2010
CG,31,grey,2010
CH,28,orange,2010
CI,37,grey,2010
CJ,78,blue,2010
CK,38,green,2010
CM,30,grey,2010
CN,65,yellow,2010
CO,16,orange,2010
CQ,25,grey,2010
CS,52,blue,2010
CT,93,grey,2010
CU,73,green,2010
CV,12,green,2010
CW,63,green,2010
CY,84,grey,2010
DA,22,orange,2010
DJ,60,grey,2010
DO,40,green,2010
DQ,53,green,2010
DR,92,blue,2010
EC,29,orange,2010
EG,57,grey,2010
EI,78,yellow,2010
EK,18,blue,2010
EN,39,orange,2010
ER,40,yellow,2010
ES,47,yellow,2010
ET,49,blue,2010
EZ,7,yellow,2010
FG,91,yellow,2010
FI,89,yellow,2010
FJ,96,yellow,2010
FK,47,green,2010
FM,9,grey,2010
FO,92,green,2010
FP,17,orange,2010
FR,5,green,2010
FS,61,green,2010
GA,27,grey,2010
GB,38,blue,2010
GG,5,green,2010
GH,60,yellow,2010
GI,17,yellow,2010
GJ,71,grey,2010
GK,49,green,2010
GL,77,green,2010
GM,76,blue,2010
GP,37,green,2010
GQ,71,grey,2010
GR,23,orange,2010
GT,44,green,2010
GV,24,orange,2010
GY,53,blue,2010
GZ,44,grey,2010
HA,57,grey,2010
HM,27,yellow,2010
HO,49,green,2010
HQ,18,grey,2010
HR,82,orange,2010
HU,40,orange,2010
IC,73,orange,2010
ID,52,green,2010
IM,69,yellow,2010
IO,34,blue,2010
IR,8,yellow,2010
IS,96,grey,2010
IT,22,yellow,2010
IV,25,blue,2010
IZ,100,grey,2010
JA,38,grey,2010
JE,94,orange,2010
JM,68,green,2010
JN,6,orange,2010
JO,25,blue,2010
JU,39,blue,2010
KE,13,green,2010
KG,46,green,2010
KN,66,grey,2010
KR,50,blue,2010
KS,73,blue,2010
KT,12,yellow,2010
KU,81,grey,2010
KZ,70,blue,2010
LA,90,green,2010
LE,13,grey,2010
LG,82,orange,2010
LH,5,yellow,2010
LI,63,green,2010
LO,93,orange,2010
LS,13,grey,2010
LT,63,grey,2010
LU,5,grey,2010
LY,6,orange,2010
MA,92,blue,2010
MB,7,orange,2010
MD,46,yellow,2010
MF,56,grey,2010
MG,46,grey,2010
MH,59,yellow,2010
MI,90,grey,2010
MK,97,green,2010
ML,21,green,2010
MN,33,blue,2010
MO,38,grey,2010
MP,41,yellow,2010
MQ,93,blue,2010
MR,25,grey,2010
MT,80,yellow,2010
MU,8,yellow,2010
MV,9,blue,2010
MW,8,blue,2010
MX,85,green,2010
MY,84,grey,2010
MZ,38,green,2010
NC,48,blue,2010
NE,80,orange,2010
NF,62,blue,2010
NG,28,grey,2010
NH,18,grey,2010
NI,42,grey,2010
NL,62,green,2010
NO,43,green,2010
NP,56,green,2010
NR,13,yellow,2010
NS,96,grey,2010
NT,53,orange,2010
NU,26,blue,2010
NZ,29,yellow,2010
PA,69,orange,2010
PC,28,blue,2010
PE,50,orange,2010
PG,91,blue,2010
PK,60,orange,2010
PL,45,orange,2010
PM,18,green,2010
PO,32,green,2010
PP,12,orange,2010
PS,35,green,2010
PU,98,blue,2010
QA,84,orange,2010
RE,43,blue,2010
RM,94,green,2010
RO,29,yellow,2010
RP,37,blue,2010
RQ,19,green,2010
RS,34,green,2010
RW,77,orange,2010
SA,60,green,2010
SB,1,blue,2010
SC,43,orange,2010
SE,99,yellow,2010
SF,71,grey,2010
SG,66,blue,2010
SH,85,grey,2010
SI,51,yellow,2010
SL,64,green,2010
SM,16,yellow,2010
SN,36,green,2010
SO,58,blue,2010
SP,77,green,2010
SR,40,green,2010
ST,86,blue,2010
SU,65,orange,2010
SV,55,green,2010
SW,99,blue,2010
SX,93,blue,2010
SY,23,green,2010
SZ,34,blue,2010
TD,3,orange,2010
TH,66,yellow,2010
TI,13,grey,2010
TK,10,blue,2010
TL,97,orange,2010
TM,46,blue,2010
TN,66,orange,2010
TO,38,green,2010
TP,85,yellow,2010
TS,7,yellow,2010
TU,18,grey,2010
TV,50,grey,2010
TW,23,yellow,2010
TX,82,grey,2010
TZ,65,blue,2010
UG,84,green,2010
UK,81,green,2010
UP,40,yellow,2010
US,84,yellow,2010
UV,96,blue,2010
UY,1,green,2010
UZ,2,grey,2010
VC,21,yellow,2010
VE,11,blue,2010
VI,83,orange,2010
VM,97,blue,2010
VQ,96,blue,2010
VT,68,blue,2010
WA,29,yellow,2010
WE,91,orange,2010
WF,14,blue,2010
WI,92,blue,2010
WQ,28,yellow,2010
WS,78,grey,2010
WZ,80,yellow,2010
YM,77,yellow,2010
ZA,78,orange,2010
ZI,12,yellow,2010
IN,25,grey,2010
AA,3,green,2011
AC,22,yellow,2011
AE,19,yellow,2011
AF,11,blue,2011
AG,3,blue,2011
AJ,52,orange,2011
AL,89,green,2011
AM,97,blue,2011
AN,38,green,2011
AO,39,grey,2011
AQ,49,grey,2011
AR,7,yellow,2011
AS,24,green,2011
AU,20,green,2011
AV,69,grey,2011
AY,91,green,2011
BA,22,orange,2011
BB,7,green,2011
BC,91,green,2011
BD,38,orange,2011
BE,94,orange,2011
BF,14,yellow,2011
BG,36,green,2011
BH,15,orange,2011
BK,3,orange,2011
BL,33,blue,2011
BM,61,yellow,2011
BN,76,blue,2011
BO,80,green,2011
BP,37,grey,2011
BR,41,grey,2011
BT,84,green,2011
BU,22,yellow,2011
BV,15,green,2011
BX,16,blue,2011
BY,33,blue,2011
CA,80,yellow,2011
CB,57,green,2011
CD,75,green,2011
CE,54,orange,2011
CF,59,yellow,2011
CG,87,grey,2011
CH,40,blue,2011
CI,11,green,2011
CJ,10,orange,2011
CK,28,yellow,2011
CM,17,green,2011
CN,43,orange,2011
CO,46,grey,2011
CQ,64,orange,2011
CS,23,orange,2011
CT,6,orange,2011
CU,46,grey,2011
CV,93,blue,2011
CW,3,orange,2011
CY,80,green,2011
DA,88,yellow,2011
DJ,69,grey,2011
DO,28,blue,2011
DQ,44,green,2011
DR,47,green,2011
EC,74,grey,2011
EG,47,orange,2011
EI,81,blue,2011
EK,21,green,2011
EN,83,orange,2011
ER,60,yellow,2011
ES,97,grey,2011
ET,91,blue,2011
EZ,61,grey,2011
FG,42,blue,2011
FI,8,grey,2011
FJ,27,yellow,2011
FK,80,grey,2011
FM,9,orange,2011
FO,15,grey,2011
FP,2,orange,2011
FR,98,orange,2011
FS,47,orange,2011
GA,3,orange,2011
GB,90,green,2011
GG,42,green,2011
GH,2,green,2011
GI,48,blue,2011
GJ,2,blue,2011
GK,94,yellow,2011
GL,46,yellow,2011
GM,20,yellow,2011
GP,90,green,2011
GQ,49,yellow,2011
GR,79,blue,2011
GT,90,grey,2011
GV,64,green,2011
GY,18,green,2011
GZ,48,grey,2011
HA,25,green,2011
HM,41,yellow,2011
HO,86,orange,2011
HQ,26,blue,2011
HR,71,blue,2011
HU,69,blue,2011
IC,10,orange,2011
ID,40,grey,2011
IM,95,yellow,2011
IO,14,blue,2011
IR,71,grey,2011
IS,22,green,2011
IT,45,green,2011
IV,33,orange,2011
IZ,6,grey,2011
JA,90,green,2011
JE,61,yellow,2011
JM,58,orange,2011
JN,64,green,2011
JO,64,green,2011
JU,42,grey,2011
KE,88,yellow,2011
KG,5,orange,2011
KN,4,green,2011
KR,24,blue,2011
KS,59,grey,2011
KT,45,grey,2011
KU,65,orange,2011
KZ,14,yellow,2011
LA,84,grey,2011
LE,100,orange,2011
LG,46,blue,2011
LH,32,blue,2011
LI,13,green,2011
LO,32,green,2011
LS,3,yellow,2011
LT,98,yellow,2011
LU,43,yellow,2011
LY,22,blue,2011
MA,59,blue,2011
MB,17,orange,2011
MD,50,yellow,2011
MF,100,blue,2011
MG,63,orange,2011
MH,58,green,2011
MI,56,yellow,2011
MK,88,grey,2011
ML,64,grey,2011
MN,40,green,2011
MO,6,blue,2011
MP,88,yellow,2011
MQ,85,yellow,2011
MR,88,orange,2011
MT,88,yellow,2011
MU,27,grey,2011
MV,83,green,2011
MW,91,yellow,2011
MX,21,blue,2011
MY,65,orange,2011
MZ,16,orange,2011
NC,96,yellow,2011
NE,40,blue,2011
NF,54,blue,2011
NG,41,orange,2011
NH,89,grey,2011
NI,37,green,2011
NL,98,orange,2011
NO,69,blue,2011
NP,96,grey,2011
NR,48,grey,2011
NS,48,blue,2011
NT,69,green,2011
NU,63,grey,2011
NZ,67,orange,2011
PA,25,orange,2011
PC,29,green,2011
PE,37,orange,2011
PG,61,orange,2011
PK,34,green,2011
PL,92,yellow,2011
PM,5,blue,2011
PO,94,blue,2011
PP,66,grey,2011
PS,13,grey,2011
PU,20,yellow,2011
QA,14,orange,2011
RE,1,yellow,2011
RM,38,grey,2011
RO,87,yellow,2011
RP,82,yellow,2011
RQ,89,yellow,2011
RS,3,orange,2011
RW,62,yellow,2011
SA,88,green,2011
SB,97,yellow,2011
SC,71,green,2011
SE,83,green,2011
SF,54,grey,2011
SG,25,grey,2011
SH,3,orange,2011
SI,52,blue,2011
SL,99,orange,2011
SM,98,green,2011
SN,4,green,2011
SO,97,green,2011
SP,83,blue,2011
SR,55,grey,2011
ST,71,green,2011
SU,71,yellow,2011
SV,54,green,2011
SW,59,orange,2011
SX,2,orange,2011
SY,92,orange,2011
SZ,60,yellow,2011
TD,52,orange,2011
TH,45,grey,2011
TI,44,grey,2011
TK,25,blue,2011
TL,25,grey,2011
TM,49,grey,2011
TN,76,grey,2011
TO,22,blue,2011
TP,94,grey,2011
TS,27,yellow,2011
TU,32,yellow,2011
TV,21,green,2011
TW,63,green,2011
TX,11,green,2011
TZ,10,orange,2011
UG,49,blue,2011
UK,79,yellow,2011
UP,33,blue,2011
US,68,blue,2011
UV,35,blue,2011
UY,65,orange,2011
UZ,57,blue,2011
VC,88,orange,2011
VE,76,green,2011
VI,13,green,2011
VM,55,orange,2011
VQ,96,blue,2011
VT,28,green,2011
WA,55,grey,2011
WE,36,green,2011
WF,48,orange,2011
WI,100,yellow,2011
WQ,37,green,2011
WS,51,orange,2011
WZ,6,grey,2011
YM,97,yellow,2011
ZA,43,yellow,2011
ZI,79,orange,2011
IN,84,grey,2011
AA,16,orange,2012
AC,60,grey,2012
AE,22,blue,2012
AF,10,yellow,2012
AG,58,orange,2012
AJ,8,grey,2012
AL,23,orange,2012
AM,56,yellow,2012
AN,71,green,2012
AO,80,orange,2012
AQ,33,green,2012
AR,85,yellow,2012
AS,4,yellow,2012
AU,57,green,2012
AV,58,yellow,2012
AY,2,orange,2012
BA,32,grey,2012
BB,27,grey,2012
BC,1,blue,2012
BD,29,grey,2012
BE,69,blue,2012
BF,54,blue,2012
BG,40,yellow,2012
BH,78,blue,2012
BK,46,yellow,2012
BL,38,grey,2012
BM,50,yellow,2012
BN,52,orange,2012
BO,60,yellow,2012
BP,37,orange,2012
BR,53,grey,2012
BT,6,green,2012
BU,23,orange,2012
BV,78,orange,2012
BX,62,orange,2012
BY,26,orange,2012
CA,87,grey,2012
CB,26,blue,2012
CD,93,orange,2012
CE,90,green,2012
CF,27,orange,2012
CG,12,blue,2012
CH,24,green,2012
CI,91,grey,2012
CJ,23,yellow,2012
CK,67,orange,2012
CM,89,green,2012
CN,48,yellow,2012
CO,42,grey,2012
CQ,31,yellow,2012
CS,51,yellow,2012
CT,23,grey,2012
CU,3,blue,2012
CV,50,grey,2012
CW,67,grey,2012
CY,38,yellow,2012
DA,83,yellow,2012
DJ,62,orange,2012
DO,50,grey,2012
DQ,36,orange,2012
DR,86,orange,2012
EC,25,blue,2012
EG,94,orange,2012
EI,46,yellow,2012
EK,55,yellow,2012
EN,15,grey,2012
ER,100,blue,2012
ES,79,grey,2012
ET,17,yellow,2012
EZ,5,grey,2012
FG,8,yellow,2012
FI,18,yellow,2012
FJ,63,yellow,2012
FK,19,blue,2012
FM,22,blue,2012
FO,96,orange,2012
FP,89,yellow,2012
FR,51,grey,2012
FS,40,orange,2012
GA,52,yellow,2012
GB,17,green,2012
GG,49,blue,2012
GH,80,yellow,2012
GI,60,blue,2012
GJ,37,orange,2012
GK,64,yellow,2012
GL,64,blue,2012
GM,26,green,2012
GP,56,grey,2012
GQ,40,green,2012
GR,2,blue,2012
GT,21,orange,2012
GV,2,orange,2012
GY,32,yellow,2012
GZ,44,orange,2012
HA,78,grey,2012
HM,28,orange,2012
HO,65,green,2012
HQ,7,yellow,2012
HR,84,yellow,2012
HU,25,yellow,2012
IC,42,orange,2012
ID,5,yellow,2012
IM,59,orange,2012
IO,95,orange,2012
IR,56,blue,2012
IS,95,yellow,2012
IT,63,blue,2012
IV,30,blue,2012
IZ,66,blue,2012
JA,65,yellow,2012
JE,16,blue,2012
JM,32,blue,2012
JN,30,green,2012
JO,16,blue,2012
JU,100,blue,2012
KE,53,yellow,2012
KG,84,grey,2012
KN,52,blue,2012
KR,76,grey,2012
KS,70,orange,2012
KT,8,green,2012
KU,48,green,2012
KZ,58,blue,2012
LA,88,orange,2012
LE,56,blue,2012
LG,46,green,2012
LH,57,orange,2012
LI,15,orange,2012
LO,24,grey,2012
LS,54,grey,2012
LT,93,yellow,2012
LU,30,blue,2012
LY,25,orange,2012
MA,53,orange,2012
MB,15,green,2012
MD,91,grey,2012
MF,51,blue,2012
MG,49,blue,2012
MH,76,blue,2012
MI,19,green,2012
MK,36,orange,2012
ML,70,blue,2012
MN,31,blue,2012
MO,85,orange,2012
MP,8,yellow,2012
MQ,43,grey,2012
MR,4,yellow,2012
MT,79,grey,2012
MU,34,green,2012
MV,72,green,2012
MW,47,blue,2012
MX,77,grey,2012
MY,45,blue,2012
MZ,71,blue,2012
NC,89,orange,2012
NE,70,orange,2012
NF,44,grey,2012
NG,5,yellow,2012
NH,53,green,2012
NI,56,orange,2012
NL,60,yellow,2012
NO,60,yellow,2012
NP,82,yellow,2012
NR,5,orange,2012
NS,33,blue,2012
NT,25,green,2012
NU,22,blue,2012
NZ,78,green,2012
PA,53,blue,2012
PC,4,blue,2012
PE,84,blue,2012
PG,73,blue,2012
PK,46,yellow,2012
PL,98,orange,2012
PM,59,yellow,2012
PO,27,yellow,2012
PP,44,orange,2012
PS,35,orange,2012
PU,14,green,2012
QA,9,green,2012
RE,67,blue,2012
RM,15,blue,2012
RO,29,green,2012
RP,33,green,2012
RQ,33,orange,2012
RS,12,yellow,2012
RW,65,grey,2012
SA,100,grey,2012
SB,55,blue,2012
SC,31,blue,2012
SE,42,grey,2012
SF,15,orange,2012
SG,62,grey,2012
SH,96,blue,2012
SI,10,blue,2012
SL,85,blue,2012
SM,33,orange,2012
SN,11,blue,2012
SO,12,orange,2012
SP,81,orange,2012
SR,54,grey,2012
ST,77,grey,2012
SU,80,green,2012
SV,72,green,2012
SW,87,green,2012
SX,94,yellow,2012
SY,19,blue,2012
SZ,67,grey,2012
TD,55,grey,2012
TH,96,grey,2012
TI,39,blue,2012
TK,99,yellow,2012
TL,26,grey,2012
TM,47,orange,2012
TN,40,orange,2012
TO,78,blue,2012
TP,2,orange,2012
TS,49,grey,2012
TU,84,green,2012
TV,32,grey,2012
TW,87,orange,2012
TX,18,green,2012
TZ,79,grey,2012
UG,61,grey,2012
UK,14,green,2012
UP,73,blue,2012
US,11,grey,2012
UV,96,blue,2012
UY,73,orange,2012
UZ,17,blue,2012
VC,40,orange,2012
VE,79,green,2012
VI,80,green,2012
VM,58,grey,2012
VQ,33,green,2012
VT,12,yellow,2012
WA,5,blue,2012
WE,28,green,2012
WF,35,yellow,2012
WI,48,orange,2012
WQ,60,blue,2012
WS,23,green,2012
WZ,38,yellow,2012
YM,50,green,2012
ZA,83,yellow,2012
ZI,6,yellow,2012
IN,53,blue,2012
AA,7,yellow,2013
AC,38,grey,2013
AE,78,yellow,2013
AF,45,yellow,2013
AG,35,yellow,2013
AJ,10,yellow,2013
AL,24,green,2013
AM,22,orange,2013
AN,98,orange,2013
AO,35,green,2013
AQ,5,grey,2013
AR,41,grey,2013
AS,95,orange,2013
AU,10,grey,2013
AV,90,yellow,2013
AY,47,orange,2013
BA,91,yellow,2013
BB,57,orange,2013
BC,15,grey,2013
BD,15,grey,2013
BE,62,yellow,2013
BF,53,green,2013
BG,89,grey,2013
BH,16,grey,2013
BK,3,green,2013
BL,28,orange,2013
BM,40,grey,2013
BN,96,yellow,2013
BO,1,orange,2013
BP,89,grey,2013
BR,65,green,2013
BT,67,orange,2013
BU,70,grey,2013
BV,23,green,2013
BX,1,green,2013
BY,59,yellow,2013
CA,19,grey,2013
CB,37,orange,2013
CD,36,blue,2013
CE,44,grey,2013
CF,88,blue,2013
CG,6,orange,2013
CH,4,yellow,2013
CI,90,grey,2013
CJ,1,yellow,2013
CK,73,blue,2013
CM,40,blue,2013
CN,7,orange,2013
CO,8,yellow,2013
CQ,82,grey,2013
CS,91,yellow,2013
CT,4,orange,2013
CU,51,orange,2013
CV,24,orange,2013
CW,90,yellow,2013
CY,24,grey,2013
DA,25,green,2013
DJ,91,yellow,2013
DO,69,blue,2013
DQ,47,orange,2013
DR,50,yellow,2013
EC,49,grey,2013
EG,17,grey,2013
EI,2,orange,2013
EK,10,orange,2013
EN,68,green,2013
ER,10,green,2013
ES,72,grey,2013
ET,46,blue,2013
EZ,38,yellow,2013
FG,57,grey,2013
FI,18,grey,2013
FJ,96,yellow,2013
FK,77,grey,2013
FM,87,yellow,2013
FO,68,blue,2013
FP,90,grey,2013
FR,64,orange,2013
FS,100,grey,2013
GA,63,yellow,2013
GB,67,blue,2013
GG,17,grey,2013
GH,29,blue,2013
GI,7,green,2013
GJ,48,green,2013
GK,37,grey,2013
GL,14,yellow,2013
GM,73,yellow,2013
GP,59,green,2013
GQ,18,green,2013
GR,21,orange,2013
GT,7,orange,2013
GV,56,grey,2013
GY,69,yellow,2013
GZ,29,grey,2013
HA,27,yellow,2013
HM,19,grey,2013
HO,76,blue,2013
HQ,75,orange,2013
HR,37,blue,2013
HU,7,grey,2013
IC,87,blue,2013
ID,78,blue,2013
IM,75,orange,2013
IO,32,yellow,2013
IR,21,green,2013
IS,46,green,2013
IT,41,orange,2013
IV,59,blue,2013
IZ,59,grey,2013
JA,31,yellow,2013
JE,34,orange,2013
JM,11,orange,2013
JN,87,yellow,2013
JO,22,green,2013
JU,49,grey,2013
KE,75,orange,2013
KG,9,grey,2013
KN,15,grey,2013
KR,7,green,2013
KS,34,grey,2013
KT,63,yellow,2013
KU,46,orange,2013
KZ,69,orange,2013
LA,20,grey,2013
LE,12,grey,2013
LG,34,grey,2013
LH,62,grey,2013
LI,91,orange,2013
LO,36,grey,2013
LS,21,yellow,2013
LT,45,yellow,2013
LU,96,green,2013
LY,88,orange,2013
MA,5,orange,2013
MB,52,grey,2013
MD,56,blue,2013
MF,57,grey,2013
MG,15,blue,2013
MH,35,green,2013
MI,74,green,2013
MK,33,grey,2013
ML,72,blue,2013
MN,20,blue,2013
MO,76,blue,2013
MP,67,blue,2013
MQ,100,blue,2013
MR,28,blue,2013
MT,13,orange,2013
MU,33,orange,2013
MV,67,blue,2013
MW,56,green,2013
MX,59,grey,2013
MY,14,orange,2013
MZ,95,grey,2013
NC,52,orange,2013
NE,37,orange,2013
NF,14,grey,2013
NG,48,orange,2013
NH,38,blue,2013
NI,68,yellow,2013
NL,40,green,2013
NO,10,grey,2013
NP,2,blue,2013
NR,34,orange,2013
NS,66,blue,2013
NT,11,green,2013
NU,34,orange,2013
NZ,63,green,2013
PA,2,yellow,2013
PC,76,orange,2013
PE,83,blue,2013
PG,52,grey,2013
PK,1,orange,2013
PL,66,blue,2013
PM,82,yellow,2013
PO,24,green,2013
PP,30,grey,2013
PS,19,grey,2013
PU,13,orange,2013
QA,95,grey,2013
RE,78,yellow,2013
RM,98,green,2013
RO,48,yellow,2013
RP,60,blue,2013
RQ,87,orange,2013
RS,85,green,2013
RW,49,blue,2013
SA,82,grey,2013
SB,35,blue,2013
SC,32,orange,2013
SE,92,yellow,2013
SF,49,grey,2013
SG,49,blue,2013
SH,93,orange,2013
SI,51,blue,2013
SL,87,blue,2013
SM,9,blue,2013
SN,39,yellow,2013
SO,89,blue,2013
SP,10,blue,2013
SR,29,orange,2013
ST,6,yellow,2013
SU,13,grey,2013
SV,98,blue,2013
SW,16,yellow,2013
SX,67,yellow,2013
SY,89,yellow,2013
SZ,71,green,2013
TD,45,green,2013
TH,5,green,2013
TI,13,blue,2013
TK,20,blue,2013
TL,27,blue,2013
TM,41,orange,2013
TN,9,grey,2013
TO,40,green,2013
TP,46,yellow,2013
TS,10,blue,2013
TU,84,yellow,2013
TV,65,green,2013
TW,90,green,2013
TX,83,grey,2013
TZ,33,yellow,2013
UG,28,yellow,2013
UK,38,green,2013
UP,58,yellow,2013
US,71,yellow,2013
UV,68,yellow,2013
UY,88,orange,2013
UZ,8,blue,2013
VC,23,yellow,2013
VE,54,yellow,2013
VI,22,green,2013
VM,69,green,2013
VQ,16,blue,2013
VT,27,grey,2013
WA,7,grey,2013
WE,3,blue,2013
WF,27,yellow,2013
WI,34,yellow,2013
WQ,53,green,2013
WS,20,green,2013
WZ,92,grey,2013
YM,46,grey,2013
ZA,10,orange,2013
ZI,88,green,2013
IN,88,orange,2013
AA,38,green,2014
AC,40,blue,2014
AE,76,grey,2014
AF,73,blue,2014
AG,81,yellow,2014
AJ,31,blue,2014
AL,10,grey,2014
AM,34,green,2014
AN,24,yellow,2014
AO,2,green,2014
AQ,99,orange,2014
AR,28,grey,2014
AS,54,green,2014
AU,98,green,2014
AV,61,grey,2014
AY,55,blue,2014
BA,59,yellow,2014
BB,17,green,2014
BC,87,yellow,2014
BD,20,green,2014
BE,49,green,2014
BF,93,grey,2014
BG,73,orange,2014
BH,46,blue,2014
BK,51,orange,2014
BL,14,yellow,2014
BM,3,orange,2014
BN,37,blue,2014
BO,76,yellow,2014
BP,8,orange,2014
BR,27,blue,2014
BT,39,green,2014
BU,9,grey,2014
BV,60,blue,2014
BX,73,grey,2014
BY,30,orange,2014
CA,71,blue,2014
CB,42,orange,2014
CD,87,green,2014
CE,98,yellow,2014
CF,60,grey,2014
CG,89,yellow,2014
CH,82,grey,2014
CI,77,green,2014
CJ,33,blue,2014
CK,2,yellow,2014
CM,20,orange,2014
CN,51,yellow,2014
CO,30,blue,2014
CQ,50,green,2014
CS,18,blue,2014
CT,47,orange,2014
CU,83,yellow,2014
CV,97,blue,2014
CW,60,yellow,2014
CY,12,yellow,2014
DA,97,green,2014
DJ,75,grey,2014
DO,97,yellow,2014
DQ,21,yellow,2014
DR,95,yellow,2014
EC,43,blue,2014
EG,31,yellow,2014
EI,18,orange,2014
EK,1,green,2014
EN,10,orange,2014
ER,57,orange,2014
ES,79,blue,2014
ET,25,yellow,2014
EZ,96,green,2014
FG,73,blue,2014
FI,39,yellow,2014
FJ,10,blue,2014
FK,30,grey,2014
FM,51,orange,2014
FO,52,blue,2014
FP,76,green,2014
FR,11,grey,2014
FS,57,yellow,2014
GA,33,orange,2014
GB,29,blue,2014
GG,53,blue,2014
GH,16,green,2014
GI,9,green,2014
GJ,13,green,2014
GK,76,green,2014
GL,27,orange,2014
GM,33,orange,2014
GP,65,orange,2014
GQ,8,green,2014
GR,28,grey,2014
GT,16,green,2014
GV,77,green,2014
GY,41,blue,2014
GZ,42,orange,2014
HA,89,grey,2014
HM,88,green,2014
HO,55,yellow,2014
HQ,13,grey,2014
HR,51,blue,2014
HU,59,grey,2014
IC,90,green,2014
ID,81,blue,2014
IM,54,orange,2014
IO,26,orange,2014
IR,95,green,2014
IS,23,green,2014
IT,94,yellow,2014
IV,21,green,2014
IZ,34,green,2014
JA,67,green,2014
JE,87,grey,2014
JM,98,blue,2014
JN,75,yellow,2014
JO,45,yellow,2014
JU,3,grey,2014
KE,19,green,2014
KG,18,orange,2014
KN,22,grey,2014
KR,91,orange,2014
KS,29,grey,2014
KT,17,yellow,2014
KU,31,yellow,2014
KZ,6,grey,2014
LA,9,orange,2014
LE,44,orange,2014
LG,39,green,2014
LH,11,yellow,2014
LI,41,blue,2014
LO,64,blue,2014
LS,79,orange,2014
LT,48,grey,2014
LU,15,blue,2014
LY,98,grey,2014
MA,20,blue,2014
MB,16,blue,2014
MD,56,blue,2014
MF,20,grey,2014
MG,37,orange,2014
MH,55,blue,2014
MI,33,grey,2014
MK,78,grey,2014
ML,43,grey,2014
MN,89,grey,2014
MO,98,yellow,2014
MP,5,blue,2014
MQ,36,orange,2014
MR,98,orange,2014
MT,3,green,2014
MU,76,yellow,2014
MV,49,orange,2014
MW,23,yellow,2014
MX,69,yellow,2014
MY,28,blue,2014
MZ,92,yellow,2014
NC,63,green,2014
NE,81,green,2014
NF,92,blue,2014
NG,17,blue,2014
NH,38,orange,2014
NI,42,green,2014
NL,52,grey,2014
NO,19,orange,2014
NP,36,blue,2014
NR,81,orange,2014
NS,61,yellow,2014
NT,100,blue,2014
NU,68,yellow,2014
NZ,52,orange,2014
PA,7,blue,2014
PC,55,orange,2014
PE,82,blue,2014
PG,96,yellow,2014
PK,68,blue,2014
PL,57,grey,2014
PM,4,orange,2014
PO,66,orange,2014
PP,93,yellow,2014
PS,43,green,2014
PU,83,yellow,2014
QA,43,grey,2014
RE,59,yellow,2014
RM,67,blue,2014
RO,78,yellow,2014
RP,22,blue,2014
RQ,90,grey,2014
RS,36,grey,2014
RW,75,grey,2014
SA,21,grey,2014
SB,78,grey,2014
SC,47,green,2014
SE,59,orange,2014
SF,81,green,2014
SG,40,green,2014
SH,74,blue,2014
SI,8,orange,2014
SL,43,orange,2014
SM,79,grey,2014
SN,74,blue,2014
SO,9,orange,2014
SP,31,grey,2014
SR,70,yellow,2014
ST,44,grey,2014
SU,48,blue,2014
SV,42,orange,2014
SW,53,yellow,2014
SX,89,yellow,2014
SY,89,grey,2014
SZ,88,blue,2014
TD,36,blue,2014
TH,30,yellow,2014
TI,90,yellow,2014
TK,92,grey,2014
TL,41,green,2014
TM,63,green,2014
TN,98,grey,2014
TO,1,blue,2014
TP,95,orange,2014
TS,2,orange,2014
TU,38,grey,2014
TV,69,green,2014
TW,94,blue,2014
TX,93,blue,2014
TZ,17,green,2014
UG,83,orange,2014
UK,14,blue,2014
UP,15,green,2014
US,45,orange,2014
UV,83,grey,2014
UY,79,blue,2014
UZ,69,grey,2014
VC,36,green,2014
VE,100,yellow,2014
VI,84,yellow,2014
VM,31,grey,2014
VQ,73,green,2014
VT,14,yellow,2014
WA,64,blue,2014
WE,48,grey,2014
WF,36,blue,2014
WI,3,grey,2014
WQ,67,grey,2014
WS,48,green,2014
WZ,4,orange,2014
YM,34,blue,2014
ZA,52,green,2014
ZI,66,blue,2014
IN,27,orange,2014
